{
    "12": {
        "09-03-2025": {
            "А": {
                "errors": 0,
                "mistakes": [],
                "grade": 10
            },
            "К": {
                "errors": 0,
                "mistakes": [],
                "grade": 10
            }
        }
    },
    "22": {
        "09-03-2025": {
            "А": {
                "errors": 0,
                "mistakes": [],
                "grade": 10
            },
            "К": {
                "errors": 0,
                "mistakes": [],
                "grade": 10
            }
        }
    },
    "222": {
        "09-03-2025": {
            "А": {
                "errors": 0,
                "mistakes": [],
                "grade": 10
            }
        }
    }
}